total_cliente,cliChurn,percentualChurn
1223,7,0.5723630417007358
725,2,0.27586206896551724
479,2,0.41753653444676403
573,3,0.5235602094240838
